layer,pair_type,cosine_distance,l2_distance
6,correct_correct,0.023345504866705946,14.610347472296821
6,correct_wrong,0.034241506898844636,17.835643119282192
6,wrong_wrong,0.030255617300669304,16.440358339945476
9,correct_correct,0.01729896465937291,19.377936776479086
9,correct_wrong,0.028184586653002938,25.050063424640232
9,wrong_wrong,0.023256478309631297,22.571633796691895
12,correct_correct,0.019956841733720518,23.21038122177124
12,correct_wrong,0.036052845142505736,32.1402996469427
12,wrong_wrong,0.02772479931513464,27.64446159362793
